Unnamed: 0,artist,album_name,rating,album_link,genre
,['Ali Farka Touré'],['Voyageur'],['8.0'],['https://pitchfork.com/reviews/albums/ali-farka-toure-voyageur/'],['global']
,['Rema'],['Rave & Roses'],['7.2'],['https://pitchfork.com/reviews/albums/rema-rave-and-roses/'],['global']
,['Ibibio Sound Machine'],['Electricity'],['7.8'],['https://pitchfork.com/reviews/albums/ibibio-sound-machine-electricity/'],['global']
,['Adekunle Gold'],['Catch Me If You Can'],['6.8'],['https://pitchfork.com/reviews/albums/adekunle-gold-catch-me-if-you-can/'],['global']
,['Wadada Leo Smith'],['Pacifica Koral Reef'],['7.8'],['https://pitchfork.com/reviews/albums/wadada-leo-smith-henry-kaiser-alex-v-pacifica-koral-reef/'],['global']
,['Riad Awwad'],['The Intifada 1987'],['7.6'],['https://pitchfork.com/reviews/albums/riad-awwad-hanan-awwad-mahmoud-darwi-the-intifada-1987/'],['global']
,['King Sunny Adé'],['Juju Music'],['10'],['https://pitchfork.com/reviews/albums/king-sunny-ade-juju-music/'],['global']
,['Bomba Estéreo'],['Deja'],['7.0'],['https://pitchfork.com/reviews/albums/bomba-estereo-deja/'],['global']
,['Vivien Goldman'],['Next Is Now'],['6.6'],['https://pitchfork.com/reviews/albums/vivien-goldman-next-is-now/'],['global']
,['Sarz'],['Sweetness EP'],['7.4'],['https://pitchfork.com/reviews/albums/sarz-obongjayar-sweetness-ep/'],['global']
,['Hailu Mergia'],['Tezeta'],['7.6'],['https://pitchfork.com/reviews/albums/hailu-mergia-the-walias-band-tezeta/'],['global']
,['Femi Kuti'],['Legacy +'],['7.8'],['https://pitchfork.com/reviews/albums/femi-kuti-made-kuti-legacy/'],['global']
,['Toots and the Maytals'],['Got to Be Tough'],['6.5'],['https://pitchfork.com/reviews/albums/toots-and-the-maytals-got-to-be-tough/'],['global']
,['Vladislav Delay'],['500-Push-Up'],['6.6'],['https://pitchfork.com/reviews/albums/vladislav-delay-sly-dunbar-robbie-sh-500-push-up/'],['global']
,['Brian Eno'],['Spinner'],['7.7'],['https://pitchfork.com/reviews/albums/brian-eno-jah-wobble-spinner/'],['global']
,['Gordon Koang'],['Unity'],['7.3'],['https://pitchfork.com/reviews/albums/gordon-koang-unity/'],['global']
,['Roedelius'],['Selbstportrait Wahre Liebe'],['7.8'],['https://pitchfork.com/reviews/albums/roedelius-selbstportrait-wahre-liebe/'],['global']
,['Hailu Mergia'],['Yene Mircha'],['7.8'],['https://pitchfork.com/reviews/albums/hailu-mergia-yene-mircha/'],['global']
,['Toots and the Maytals'],['Funky Kingston'],['9.0'],['https://pitchfork.com/reviews/albums/toots-and-the-maytals-funky-kingston/'],['global']
,['Obongjayar'],['Which Way Is Forward? EP'],['7.8'],['https://pitchfork.com/reviews/albums/obongjayar-which-way-is-forward-ep/'],['global']
,['Slikback'],['Lasakaneku / Tomo'],['8.0'],['https://pitchfork.com/reviews/albums/slikback-lasakaneku-tomo/'],['global']
,['Santi'],['Mandy & the Jungle'],['6.0'],['https://pitchfork.com/reviews/albums/santi-mandy-and-the-jungle/'],['global']
,['Luka Productions'],['Falaw'],['6.2'],['https://pitchfork.com/reviews/albums/luka-productions-falaw/'],['global']
,['Rodrigo y Gabriela'],['Mettavolution'],['7.1'],['https://pitchfork.com/reviews/albums/various-artists-mettavolution/'],['global']
,['Gaye Su Akyol'],['İstikrarlı Hayal Hakikattir'],['7.7'],['https://pitchfork.com/reviews/albums/gaye-su-akyol-istikrarli-hayal-hakikattir/'],['global']
,['Milton Nascimento'],['Clube Da Esquina'],['9.5'],['https://pitchfork.com/reviews/albums/milton-nascimento-lo-borges-clube-da-esquina/'],['global']
,['Bamba Pana'],['Poaa'],['7.2'],['https://pitchfork.com/reviews/albums/bamba-pana-poaa/'],['global']
,['Ekuka Morris Sirikiti'],['Ekuka'],['7.3'],['https://pitchfork.com/reviews/albums/ekuka-moriss-sirikiti-ekuka/'],['global']
,['Jess Sah Bi'],['Our Garden Needs Its Flowers'],['7.7'],['https://pitchfork.com/reviews/albums/jess-sah-bi-peter-one-our-garden-needs-its-flowers/'],['global']
,['Ram'],['RAM 7: August 1791'],['7.8'],['https://pitchfork.com/reviews/albums/ram-ram-7-august-1791/'],['global']
,['Midori Takada'],['Le Renard Bleu EP'],['7.6'],['https://pitchfork.com/reviews/albums/midori-takada-lafawndah-le-renard-bleu-ep/'],['global']
,['Domenico Lancellotti'],['The Good Is a Big God'],['7.5'],['https://pitchfork.com/reviews/albums/domenico-lancellotti-the-good-is-a-big-god/'],['global']
,['Hailu Mergia'],['Lala Belu'],['8.0'],['https://pitchfork.com/reviews/albums/hailu-mergia-lala-belu/'],['global']
,['Fela Kuti'],['Fela Kuti Box Set #4'],['8.5'],['https://pitchfork.com/reviews/albums/fela-kuti-fela-kuti-box-set-4/'],['global']
,['Amadou & Mariam'],['La Confusion'],['7.7'],['https://pitchfork.com/reviews/albums/amadou-and-mariam-la-confusion/'],['global']
,['Joe Bataan'],['Gypsy Woman'],['8.2'],['https://pitchfork.com/reviews/albums/joe-bataan-gypsy-woman/'],['global']
,['Chronixx'],['Chronology'],['7.6'],['https://pitchfork.com/reviews/albums/chronixx-chronology/'],['global']
,['Cybe'],['Tropisch Verlangen'],['7.8'],['https://pitchfork.com/reviews/albums/cybe-tropisch-verlangen/'],['global']
,['Amir ElSaffar'],['Not Two'],['7.9'],['https://pitchfork.com/reviews/albums/amir-elsaffar-rivers-of-sound-not-two/'],['global']
,['Arve Henriksen'],['Towards Language'],['7.6'],['https://pitchfork.com/reviews/albums/23342-towards-language/'],['global']
,['King Tubby & the Aggrovators'],['Dubbing in the Backyard'],['7.4'],['https://pitchfork.com/reviews/albums/23272-king-tubby-the-aggrovators-dubbing-in-the-backyard/'],['global']
,['Major Lazer'],['Know No Better EP'],['6.4'],['https://pitchfork.com/reviews/albums/23379-know-no-better-ep/'],['global']
,['Omar Souleyman'],"['To Syria, With Love']",['6.5'],['https://pitchfork.com/reviews/albums/23277-to-syria-with-love/'],['global']
,['Jaco Pastorius'],"['Truth, Liberty & Soul - Live in NYC: The Complete 1982 NPR Jazz Alive! Recording']",['8.1'],['https://pitchfork.com/reviews/albums/23126-truth-liberty-soul-live-in-nyc-the-complete-1982-npr-jazz-alive-recording/'],['global']
,['Mulatu Astatke'],['Mulatu Of Ethiopia'],['8.7'],['https://pitchfork.com/reviews/albums/23241-mulatu-of-ethiopia/'],['global']
,['MC Bin Laden'],['É Grau EP'],['7.7'],['https://pitchfork.com/reviews/albums/23259-mc-bin-laden-e-grau-ep/'],['global']
,['Orchestra Baobab'],['Tribute to Ndiouga Dieng'],['7.5'],['https://pitchfork.com/reviews/albums/23021-tribute-to-ndiouga-dieng/'],['global']
,['Janka Nabay and the Bubu Gang'],['Build Music'],['6.9'],['https://pitchfork.com/reviews/albums/23036-build-music/'],['global']
,['Wailing Souls'],['Wailing'],['8.7'],['https://pitchfork.com/reviews/albums/23024-wailing/'],['global']
,['Midori Takada'],['Through the Looking Glass'],['8.7'],['https://pitchfork.com/reviews/albums/22989-through-the-looking-glass/'],['global']
,['Erasmo Carlos'],"['Erasmo Carlos E Os Tremendões / Carlos, ERASMO... / Sonhos E Memórias 1941-1972']",['9.0'],['https://pitchfork.com/reviews/albums/22908-erasmo-carlos-e-os-tremendoes-carlos-erasmo-sonhos-e-memorias-1941-1972/'],['global']
,['Ibibio Sound Machine'],['Uyai'],['7.0'],['https://pitchfork.com/reviews/albums/22977-uyai/'],['global']
,['Tinariwen'],['Elwan'],['8.2'],['https://pitchfork.com/reviews/albums/22865-elwan/'],['global']
,['Gaye Su Akyol'],['Hologram İmparatorluğu'],['7.4'],['https://pitchfork.com/reviews/albums/22662-hologram-imparatorlugu/'],['global']
,['The Orchestra of Syrian Musicians'],['Africa Express Presents... The Orchestra of Syrian Musicians & Guests'],['8.0'],['https://pitchfork.com/reviews/albums/22679-africa-express-presents-the-orchestra-of-syrian-musicians-guests/'],['global']
,"[""Mark Ernestus' Ndagga Rhythm Force""]",['Yermande'],['8.0'],['https://pitchfork.com/reviews/albums/22461-yermande/'],['global']
,['Pat Thomas'],['Coming Home (Original Ghanaian Highlife & Afrobeat Classics 1967-1981)'],['7.2'],['https://pitchfork.com/reviews/albums/22372-coming-home-original-ghanaian-highlife-afrobeat-classics-1967-1981/'],['global']
,['Luísa Maita'],['Fio da Memória'],['7.7'],['https://pitchfork.com/reviews/albums/22435-fio-da-memoria/'],['global']
,['A Tribe Called Red'],['We Are the Halluci Nation'],['8.1'],['https://pitchfork.com/reviews/albums/22384-we-are-the-halluci-nation/'],['global']
,['M.I.A.'],['AIM'],['5.9'],['https://pitchfork.com/reviews/albums/22396-aim/'],['global']
,['Caetano Veloso'],['Caetano Veloso'],['9.4'],['https://pitchfork.com/reviews/albums/22255-caetano-veloso/'],['global']
,['Steve Lehman'],['Sélébéyone'],['8.1'],['https://pitchfork.com/reviews/albums/22239-selebeyone/'],['global']
,['Elza Soares'],['A Mulher do Fim do Mundo (The Woman at the End of the World)'],['8.4'],['https://pitchfork.com/reviews/albums/22173-a-mulher-do-fim-do-mundo-the-woman-at-the-end-of-the-world/'],['global']
,['Frankie Reyes'],['Boleros Valses y Mas'],['6.8'],['https://pitchfork.com/reviews/albums/22172-boleros-valses-y-mas/'],['global']
,['Max Romeo'],['Horror Zone'],['8.0'],['https://pitchfork.com/reviews/albums/22106-horror-zone/'],['global']
,['Vivien Goldman'],['Resolutionary (Songs 1979-1982)'],['8.5'],['https://pitchfork.com/reviews/albums/21895-resolutionary-songs-1979-1982/'],['global']
,['The Wailers'],['The Wailing Wailers'],['8.0'],['https://pitchfork.com/reviews/albums/21960-the-wailing-wailers/'],['global']
,['Debo Band'],['Ere Gobez'],['8.1'],['https://pitchfork.com/reviews/albums/21949-ere-gobez/'],['global']
,['Bacao Rhythm & Steel Band'],['55'],['7.4'],['https://pitchfork.com/reviews/albums/21908-55/'],['global']
,['Cluster'],['Cluster: 1971-1981'],['8.5'],['https://pitchfork.com/reviews/albums/21701-cluster-1971-1981/'],['global']
,['Konono N°1'],['Konono N°1 Meets Batida'],['6.8'],['https://pitchfork.com/reviews/albums/21696-konono-n1-meets-batida/'],['global']
,['Especia'],['Carta'],['6.5'],['https://pitchfork.com/reviews/albums/21621-carta/'],['global']
,['Rokia Traoré'],['Né So'],['5.8'],['https://pitchfork.com/reviews/albums/21556-ne-so/'],['global']
,['Africaine 808'],['Basar'],['7.9'],['https://pitchfork.com/reviews/albums/21398-basar/'],['global']
,['Mikael Tariverdiev'],['Film Music'],['8.0'],['https://pitchfork.com/reviews/albums/21385-film-music/'],['global']
,['Omar Souleyman'],['Bahdeni Nami'],['6.2'],['https://pitchfork.com/reviews/albums/20830-bahdeni-nami/'],['global']
,['Bomba Estéreo'],['Amanecer'],['6.8'],['https://pitchfork.com/reviews/albums/20662-amanecer/'],['global']
,['Major Lazer'],['Peace Is the Mission'],['7.4'],['https://pitchfork.com/reviews/albums/20519-peace-is-the-mission/'],['global']
,['Nozinja'],['Nozinja Lodge'],['6.9'],['https://pitchfork.com/reviews/albums/20538-nozinja-lodge/'],['global']
,['Africa Express'],"[""Africa Express Presents... Terry Riley's In C Mali""]",['8.1'],['https://pitchfork.com/reviews/albums/20145-africa-express-africa-express-presents-terry-rileys-in-c-mali/'],['global']
,['Lino Capra Vaccina'],['Antico Adagio'],['7.9'],['https://pitchfork.com/reviews/albums/20118-antico-adagio/'],['global']
,['William Onyeabor'],['Box Set'],['9.0'],['https://pitchfork.com/reviews/albums/20056-box-set/'],['global']
,['The Budos Band'],['Burnt Offering'],['7.3'],['https://pitchfork.com/reviews/albums/19815-the-budos-band-burnt-offering/'],['global']
,['Fela Kuti'],['London Scene/Shakara/Gentleman/Afrodisiac/Zombie/Upside Down/I.T.T.'],['8.6'],['https://pitchfork.com/reviews/albums/19772-fela-kuti-london-sceneshakaragentlemanafrodisiaczombieupside-downitt/'],['global']
,['Kasai Allstars'],['Beware the Fetish'],['7.2'],['https://pitchfork.com/reviews/albums/19557-kasai-allstars-beware-the-fetish/'],['global']
,['Major Lazer'],['Apocalypse Soon EP'],['5.8'],['https://pitchfork.com/reviews/albums/19047-major-lazer-apocalypse-soon-ep/'],['global']
,['Tinariwen'],['Emmaar'],['8.1'],['https://pitchfork.com/reviews/albums/18909-tinariwen-emmaar/'],['global']
,['William Onyeabor'],['Who Is William Onyeabor?'],['8.6'],['https://pitchfork.com/reviews/albums/18732-william-onyeabor-who-is-william-onyeabor/'],['global']
,['M.I.A.'],['Matangi'],['6.5'],['https://pitchfork.com/reviews/albums/18701-mia-matangi/'],['global']
,['Omar Souleyman'],['Wenu Wenu'],['7.2'],['https://pitchfork.com/reviews/albums/18665-omar-souleyman-wenu-wenu/'],['global']
,['Vieux Farka Touré'],['Mon Pays'],['8.0'],['https://pitchfork.com/reviews/albums/18431-vieux-farka-toure-mon-pays/'],['global']
,['Hailu Mergia'],['Hailu Mergia and His Classical Instrument'],['7.4'],['https://pitchfork.com/reviews/albums/18162-hailu-mergia-hailu-mergia-and-his-classical-instrument/'],['global']
,['Etran Finatawa'],['The Sahara Sessions'],['7.1'],['https://pitchfork.com/reviews/albums/18157-etran-finatawa-the-sahara-sessions/'],['global']
,['Yellowman'],"['Young, Gifted & Yellow']",['7.8'],['https://pitchfork.com/reviews/albums/17985-yellowman-young-gifted-yellow/'],['global']
,['Major Lazer'],['Free the Universe'],['5.7'],['https://pitchfork.com/reviews/albums/17627-major-lazer-free-the-universe/'],['global']
,['Rokia Traoré'],['Beautiful Africa'],['8.1'],['https://pitchfork.com/reviews/albums/17846-rokia-traore-beautiful-africa/'],['global']
,['Lloyd Cole'],"['Selected Studies, Vol. 1']",['6.3'],['https://pitchfork.com/reviews/albums/17767-lloyd-cole-hans-joachim-roedelius-selected-studies-vol-1/'],['global']
,['The Congos'],['Icon Give Life'],['5.8'],['https://pitchfork.com/reviews/albums/17526-icon-give-life/'],['global']
,['Janka Nabay and the Bubu Gang'],['En Yay Sah'],['7.3'],['https://pitchfork.com/reviews/albums/16911-en-yay-sah/'],['global']
,['Antibalas'],['Antibalas'],['7.5'],['https://pitchfork.com/reviews/albums/16913-antibalas/'],['global']
,['Jimmy Cliff'],['Rebirth'],['7.5'],['https://pitchfork.com/reviews/albums/16885-rebirth/'],['global']
,['Debo Band'],['Debo Band'],['7.8'],['https://pitchfork.com/reviews/albums/16847-debo-band/'],['global']
,['Fela Kuti'],['Live in Detroit 1986'],['7.9'],['https://pitchfork.com/reviews/albums/16562-live-in-detroit-1986/'],['global']
,['The Congos'],['Icon Give Thank'],['8.1'],['https://pitchfork.com/reviews/albums/16513-icon-give-thank/'],['global']
,['Janka Nabay and the Bubu Gang'],['An Letah'],['7.8'],['https://pitchfork.com/reviews/albums/16472-an-letah/'],['global']
,['Amadou & Mariam'],['Folila'],['7.4'],['https://pitchfork.com/reviews/albums/16435-folila/'],['global']
,['Mighty Sparrow'],"['Sparrowmania: Wit, Wisdom and Soul From the King of Calypso 1962-1974']",['5.8'],['https://pitchfork.com/reviews/albums/16142-mighty-sparrow-sparrowmania/'],['global']
,['Roedelius'],['Wasser Im Wind'],['7.6'],['https://pitchfork.com/reviews/albums/15946-wasser-im-wind/'],['global']
,['Fatoumata Diawara'],['Fatou'],['7.6'],['https://pitchfork.com/reviews/albums/15838-fatou/'],['global']
,['Tinariwen'],['Tassili'],['7.8'],['https://pitchfork.com/reviews/albums/15767-tassili/'],['global']
,['Steve Mason'],['Ghosts Outside'],['6.6'],['https://pitchfork.com/reviews/albums/15704-ghosts-outside/'],['global']
,['Sorry Bamba'],['Volume One 1970-1979'],['7.7'],['https://pitchfork.com/reviews/albums/15646-volume-one-1970-1979/'],['global']
,['Vybz Kartel'],['Kingston Story'],['5.7'],['https://pitchfork.com/reviews/albums/15615-kingston-story/'],['global']
,['Aurelio'],['Laru Beya'],['7.8'],['https://pitchfork.com/reviews/albums/15133-laru-beya/'],['global']
,['Ebo Taylor'],['Love and Death'],['7.7'],['https://pitchfork.com/reviews/albums/15093-love-and-death/'],['global']
,['Roedelius'],['Selbstportrait / Selbstportrait II'],['7.9'],['https://pitchfork.com/reviews/albums/15080-selbstportrait-selbstportrait-ii/'],['global']
,['Amadou & Mariam'],['Remixes'],['6.8'],['https://pitchfork.com/reviews/albums/15017-remixes/'],['global']
,['Scientist'],['Scientist Launches Dubstep Into Outer Space'],['7.7'],['https://pitchfork.com/reviews/albums/14963-scientist-launches-dubstep-into-outer-space/'],['global']
,['M.I.A.'],['Vicki Leekx'],['7.8'],['https://pitchfork.com/reviews/albums/14970-vicki-leekx/'],['global']
,['Tabu Ley Rochereau'],"['The Voice of Lightness, Vol. 2']",['8.0'],['https://pitchfork.com/reviews/albums/14907-the-voice-of-lightness-vol-2/'],['global']
,['The Budos Band'],['The Budos Band III'],['7.6'],['https://pitchfork.com/reviews/albums/14535-the-budos-band-iii/'],['global']
,['Major Lazer'],['Lazers Never Die EP'],['7.8'],['https://pitchfork.com/reviews/albums/14462-lazers-never-die-ep/'],['global']
,['M.I.A.'],['/ \\ / \\ / \\ Y / \\'],['4.4'],['https://pitchfork.com/reviews/albums/14434-y/'],['global']
,['Rachid Taha'],['Bonjour'],['7.5'],['https://pitchfork.com/reviews/albums/14400-bonjour/'],['global']
,['Omar Souleyman'],['Jazeera Nights: Folk and Pop Sounds of Syria'],['7.8'],['https://pitchfork.com/reviews/albums/14390-jazeera-nights-folk-and-pop-sounds-of-syria/'],['global']
,['Major Lazer'],['Lazerproof'],['7.2'],['https://pitchfork.com/reviews/albums/14336-lazerproof/'],['global']
,['Konono N°1'],['Assume Crash Position'],['5.7'],['https://pitchfork.com/reviews/albums/14314-assume-crash-position/'],['global']
,['Damian Marley'],['Distant Relatives'],['6.1'],['https://pitchfork.com/reviews/albums/14265-distant-relatives/'],['global']
,['Janka Nabay'],['Bubu King'],['7.1'],['https://pitchfork.com/reviews/albums/14104-bubu-king/'],['global']
,['Mulatu Astatke'],['Mulatu Steps Ahead'],['8.3'],['https://pitchfork.com/reviews/albums/14023-mulatu-steps-ahead/'],['global']
,['Gigi'],['Maintenant'],['7.2'],['https://pitchfork.com/reviews/albums/13970-maintenant/'],['global']
,['Ali Farka Touré'],['Ali and Toumani'],['8.3'],['https://pitchfork.com/reviews/albums/13883-ali-and-toumani/'],['global']
,['Robin Guthrie'],['Carousel'],['6.5'],['https://pitchfork.com/reviews/albums/13536-carousel/'],['global']
,['Fela Kuti'],['Fela: The Best of the Black President'],['8.1'],['https://pitchfork.com/reviews/albums/13660-fela-the-best-of-the-black-president/'],['global']
,['Mulatu Astatke'],['New York-Addis-London: The Story of Ethio Jazz 1965-1975'],['9.0'],['https://pitchfork.com/reviews/albums/13678-new-york-addis-london-the-story-of-ethio-jazz-1965-1975/'],['global']
,['Luciano'],['Tribute to the Sun'],['8.3'],['https://pitchfork.com/reviews/albums/13585-tribute-to-the-sun/'],['global']
,['Jahdan Blakkamoore'],['Buzzrock Warrior'],['6.8'],['https://pitchfork.com/reviews/albums/13665-buzzrock-warrior/'],['global']
,['Tinariwen'],['Imidiwan: Companions'],['7.6'],['https://pitchfork.com/reviews/albums/13549-imidiwan-companions/'],['global']
,['Os Mutantes'],['Haih or Amortecedor'],['7.0'],['https://pitchfork.com/reviews/albums/13391-haih-or-amortecedor/'],['global']
,['Arve Henriksen'],['Cartography'],['8.1'],['https://pitchfork.com/reviews/albums/13379-cartography/'],['global']
,['Amadou & Mariam'],['The Magic Couple'],['8.0'],['https://pitchfork.com/reviews/albums/13343-the-magic-couple/'],['global']
,['Omar Souleyman'],['Dabke 2020: Folk and Pop Sounds of Syria'],['7.4'],['https://pitchfork.com/reviews/albums/13114-dabke-2020-folk-and-pop-sounds-of-syria/'],['global']
,['Babatunde Olatunji'],['Drums of Passion'],['8.2'],['https://pitchfork.com/reviews/albums/13258-drums-of-passion/'],['global']
,['Major Lazer'],"[""Guns Don't Kill People-- Lazers Do""]",['8.1'],['https://pitchfork.com/reviews/albums/13236-guns-dont-kill-people-lazers-do/'],['global']
,['NOMO'],['Invisible Cities'],['8.0'],['https://pitchfork.com/reviews/albums/12945-invisible-cities/'],['global']
,['Extra Golden'],['Thank You Very Quickly'],['7.5'],['https://pitchfork.com/reviews/albums/12763-thank-you-very-quickly/'],['global']
,['Rokia Traoré'],['Tchamantché'],['8.4'],['https://pitchfork.com/reviews/albums/12708-tchamantche/'],['global']
,['Peter Tosh'],['The Ultimate Peter Tosh Experience'],['4.0'],['https://pitchfork.com/reviews/albums/12695-the-ultimate-peter-tosh-experience/'],['global']
,['Terakaft'],['Akh Issudar'],['7.8'],['https://pitchfork.com/reviews/albums/12525-akh-issudar/'],['global']
,['Amadou & Mariam'],['Welcome to Mali'],['8.4'],['https://pitchfork.com/reviews/albums/12435-welcome-to-mali/'],['global']
,['Luciano'],['Fabric 41'],['8.5'],['https://pitchfork.com/reviews/albums/12181-fabric-41/'],['global']
,['Kasai Allstars'],"['In the 7th Moon, the Chief Turned Into a Swimming Fish and Ate the Head of His Enemy by Magic']",['7.8'],['https://pitchfork.com/reviews/albums/12139-in-the-7th-moon-the-chief-turned-into-a-swimming-fish-and-ate-the-head-of-his-enemy-by-magic/'],['global']
,['Ragga Twins'],['Ragga Twins Step Out'],['8.5'],['https://pitchfork.com/reviews/albums/12033-ragga-twins-step-out/'],['global']
,['Manu Chao'],['Estacion Proxima: Esperanza / Radio Bemba Sound System'],['7.7'],['https://pitchfork.com/reviews/albums/12036-estacion-proxima-esperanza-radio-bemba-sound-system/'],['global']
,['NOMO'],['Ghost Rock'],['8.3'],['https://pitchfork.com/reviews/albums/11966-ghost-rock/'],['global']
,['Orchestra Baobab'],['Made in Dakar'],['7.6'],['https://pitchfork.com/reviews/albums/11595-made-in-dakar/'],['global']
,['Yoav'],['Charmed & Strange'],['2.2'],['https://pitchfork.com/reviews/albums/11559-charmed-strange/'],['global']
,['Etran Finatawa'],['Desert Crossroads'],['8.0'],['https://pitchfork.com/reviews/albums/11507-desert-crossroads/'],['global']
,['Toumast'],['Ishumar'],['8.0'],['https://pitchfork.com/reviews/albums/11354-ishumar/'],['global']
,['Toumani Diabaté'],['The Mande Variations'],['8.3'],['https://pitchfork.com/reviews/albums/11281-the-mande-variations/'],['global']
,"['Earth, Roots and Water']",['Innocent Youths'],['7.3'],['https://pitchfork.com/reviews/albums/11310-innocent-youths/'],['global']
,['Kutiman'],['Kutiman'],['8.2'],['https://pitchfork.com/reviews/albums/11159-kutiman/'],['global']
,['Konono N°1'],['Live at Couleur Cafe'],['8.1'],['https://pitchfork.com/reviews/albums/11101-live-at-couleur-cafe/'],['global']
,['Tabu Ley Rochereau'],['The Voice of Lightness / Bel Canto'],['8.3'],['https://pitchfork.com/reviews/albums/11650-the-voice-of-lightness-bel-canto/'],['global']
,['Bob Marley & the Wailers'],['Exodus: 30th Anniversary Edition'],['8.4'],['https://pitchfork.com/reviews/albums/10969-exodus-30th-anniversary-edition/'],['global']
,['Bembeya Jazz National'],['The Syliphone Years'],['7.6'],['https://pitchfork.com/reviews/albums/10767-the-syliphone-years/'],['global']
,['Os Mutantes'],"['Mutantes ao Vivo: Barbican Theatre, Londres 2006']",['7.4'],['https://pitchfork.com/reviews/albums/10905-mutantes-ao-vivo-barbican-theatre-londres-2006/'],['global']
,['Extra Golden'],['Hera Ma Nono'],['7.4'],['https://pitchfork.com/reviews/albums/10808-hera-ma-nono/'],['global']
,['Culture'],['Two Sevens Clash: The 30th Anniversary Edition'],['9.0'],['https://pitchfork.com/reviews/albums/10716-two-sevens-clash-the-30th-anniversary-edition/'],['global']
,['Zap Mama'],['Supermoon'],['7.7'],['https://pitchfork.com/reviews/albums/10611-supermoon/'],['global']
,['The Budos Band'],['The Budos Band II'],['7.6'],['https://pitchfork.com/reviews/albums/10593-the-budos-band-ii/'],['global']
,['Manu Chao'],['La Radiolina'],['7.5'],['https://pitchfork.com/reviews/albums/10608-la-radiolina/'],['global']
,['Mavado'],['Gangsta for Life: The Symphony of David Brooks'],['6.3'],['https://pitchfork.com/reviews/albums/10552-gangsta-for-life-the-symphony-of-david-brooks/'],['global']
,['M.I.A.'],['Kala'],['8.9'],['https://pitchfork.com/reviews/albums/10564-kala/'],['global']
,['Keren Ann'],['Keren Ann'],['6.4'],['https://pitchfork.com/reviews/albums/10501-keren-ann/'],['global']
,['Balkan Beat Box'],['Nu-Med'],['7.4'],['https://pitchfork.com/reviews/albums/10421-nu-med/'],['global']
,['King Kong'],['Buncha Beans'],['4.8'],['https://pitchfork.com/reviews/albums/10303-buncha-beans/'],['global']
,['Jai-Alai Savant'],['Flight of the Bass Delegate'],['6.5'],['https://pitchfork.com/reviews/albums/10237-flight-of-the-bass-delegate/'],['global']
,['Arve Henriksen'],['Strjon'],['7.8'],['https://pitchfork.com/reviews/albums/10212-strjon/'],['global']
,['David Torn'],['Prezens'],['7.2'],['https://pitchfork.com/reviews/albums/10192-prezens/'],['global']
,['Yellowman'],['Most Wanted'],['6.4'],['https://pitchfork.com/reviews/albums/10075-most-wanted/'],['global']
,['Tinariwen'],['Aman Iman: Water Is Life'],['8.1'],['https://pitchfork.com/reviews/albums/10055-aman-iman-water-is-life/'],['global']
,['Vieux Farka Touré'],['Vieux Farka Touré'],['7.5'],['https://pitchfork.com/reviews/albums/10035-vieux-farka-toure/'],['global']
,['Elephant Man'],['Monsters of Dancehall: The Energy God'],['6.8'],['https://pitchfork.com/reviews/albums/9923-monsters-of-dancehall-the-energy-god/'],['global']
,['Thomas Mapfumo and the Blacks Unlimited'],['Rise Up'],['8.0'],['https://pitchfork.com/reviews/albums/9802-rise-up/'],['global']
,['Rachid Taha'],['Diwan 2'],['7.2'],['https://pitchfork.com/reviews/albums/9763-diwan-2/'],['global']
,['Yabby You'],['Deliver Me From My Enemies'],['7.8'],['https://pitchfork.com/reviews/albums/9750-deliver-me-from-my-enemies/'],['global']
,['Matisyahu'],['No Place to Be'],['4.1'],['https://pitchfork.com/reviews/albums/9747-no-place-to-be/'],['global']
,['Jackie Mittoo'],['Wishbone'],['8.0'],['https://pitchfork.com/reviews/albums/9716-wishbone/'],['global']
,['Easy Star All-Stars'],['Radiodread'],['7.0'],['https://pitchfork.com/reviews/albums/9417-radiodread/'],['global']
,['Ali Farka Touré'],['Savane'],['8.1'],['https://pitchfork.com/reviews/albums/9270-savane/'],['global']
,['Gigi'],['Gold & Wax'],['7.6'],['https://pitchfork.com/reviews/albums/9210-gold-wax/'],['global']
,['Susumu Yokota'],['Wonder Waltz'],['5.5'],['https://pitchfork.com/reviews/albums/9112-wonder-waltz/'],['global']
,['Extra Golden'],['Ok-Oyot System'],['7.1'],['https://pitchfork.com/reviews/albums/9102-ok-oyot-system/'],['global']
,['NOMO'],['New Tones'],['8.4'],['https://pitchfork.com/reviews/albums/9064-new-tones/'],['global']
,['Tom Zé'],['Estudando o Pagode: Na Opereta Segregamulher e Amor'],['7.9'],['https://pitchfork.com/reviews/albums/8951-estudando-o-pagode-na-opereta-segregamulher-e-amor/'],['global']
,['Cluster'],['Cluster & Eno / After the Heat / Begegnungen / Begegnungen II'],['8.7'],['https://pitchfork.com/reviews/albums/11733-cluster-eno-after-the-heat-begegnungen-begegnungen-ii/'],['global']
,['Carl Craig'],['Fabric 25 / Fabric 26'],['7.2'],['https://pitchfork.com/reviews/albums/11705-fabric-25-fabric-26/'],['global']
,['Matisyahu'],['Youth'],['4.9'],['https://pitchfork.com/reviews/albums/5661-youth/'],['global']
,['Bob Marley & the Wailers'],['One Love at Studio One'],['8.0'],['https://pitchfork.com/reviews/albums/5674-one-love-at-studio-one/'],['global']
,['Nine Horses'],['Snow Borne Sorrow'],['7.7'],['https://pitchfork.com/reviews/albums/5925-snow-borne-sorrow/'],['global']
,['Bob Marley & the Wailers'],['Africa Unite: The Singles Collection'],['7.0'],['https://pitchfork.com/reviews/albums/5673-africa-unite-the-singles-collection/'],['global']
,['Amadou & Mariam'],['Dimanche à Bamako'],['8.0'],['https://pitchfork.com/reviews/albums/485-dimanche-a-bamako/'],['global']
,['Susumu Yokota'],['Symbol'],['7.7'],['https://pitchfork.com/reviews/albums/8878-symbol/'],['global']
,['Damian Marley'],['Welcome to Jamrock'],['7.7'],['https://pitchfork.com/reviews/albums/5664-welcome-to-jamrock/'],['global']
,['Femi Kuti'],['The Best of Femi Kuti'],['7.9'],['https://pitchfork.com/reviews/albums/4600-the-best-of-femi-kuti/'],['global']
,['Desmond Dekker'],['You Can Get It If You Really Want'],['7.8'],['https://pitchfork.com/reviews/albums/2615-you-can-get-it-if-you-really-want/'],['global']
,['NOMO'],['Nomo'],['7.8'],['https://pitchfork.com/reviews/albums/5915-nomo/'],['global']
,['T.O.K.'],['Unknown Language'],['8.1'],['https://pitchfork.com/reviews/albums/8280-unknown-language/'],['global']
,['Rachid Taha'],['Tékitoi'],['7.8'],['https://pitchfork.com/reviews/albums/8287-tekitoi/'],['global']
,['M.I.A.'],['Arular'],['8.6'],['https://pitchfork.com/reviews/albums/5618-arular/'],['global']
,['Konono N°1'],['Congotronics'],['7.9'],['https://pitchfork.com/reviews/albums/4596-congotronics/'],['global']
,['Keren Ann'],['Nolita'],['8.2'],['https://pitchfork.com/reviews/albums/4594-nolita/'],['global']
,['Diplo'],"['Piracy Funds Terrorism, Vol. 1']",['8.5'],['https://pitchfork.com/reviews/albums/5617-piracy-funds-terrorism-vol-1/'],['global']
,['Arve Henriksen'],['Chiaroscuro / Humcrush'],['7.1'],['https://pitchfork.com/reviews/albums/11836-chiaroscuro-humcrush/'],['global']
,['Fela Kuti'],['The Underground Spiritual Game'],['8.4'],['https://pitchfork.com/reviews/albums/4547-the-underground-spiritual-game/'],['global']
,['Caetano Veloso'],['Antologia 69-03'],['8.9'],['https://pitchfork.com/reviews/albums/8430-antologia-69-03/'],['global']
,['Keith Hudson'],"['Flesh of My Skin, Blood of My Blood']",['7.9'],['https://pitchfork.com/reviews/albums/3967-flesh-of-my-skin-blood-of-my-blood/'],['global']
,['Keren Ann'],['Not Going Anywhere'],['7.5'],['https://pitchfork.com/reviews/albums/450-not-going-anywhere/'],['global']
,['Tom Zé'],['Santagustin'],['7.1'],['https://pitchfork.com/reviews/albums/8950-santagustin-with-gilberto-assis/'],['global']
,['Susumu Yokota'],['Laputa'],['8.3'],['https://pitchfork.com/reviews/albums/8877-laputa/'],['global']
,['Romanowski'],['Steady Rocking'],['7.1'],['https://pitchfork.com/reviews/albums/6912-steady-rocking/'],['global']
,['Antibalas Afrobeat Orchestra'],['Who Is This America?'],['8.1'],['https://pitchfork.com/reviews/albums/214-who-is-this-america/'],['global']
,['Caetano Veloso'],['A Foreign Sound'],['8.8'],['https://pitchfork.com/reviews/albums/8429-a-foreign-sound/'],['global']
,['Cedric Im Brooks'],['Cedric Im Brooks & The Light of Saba'],['7.8'],['https://pitchfork.com/reviews/albums/1098-cedric-im-brooks-the-light-of-saba/'],['global']
,['Elephant Man'],['Good 2 Go'],['8.4'],['https://pitchfork.com/reviews/albums/2895-good-2-go/'],['global']
,['Keith Hudson'],['Playing it Cool and Playing it Right'],['8.3'],['https://pitchfork.com/reviews/albums/3966-playing-it-cool-and-playing-it-right/'],['global']
,['Augustus Pablo'],"['In Fine Style: Original Rockers 7"" and 12"" Selection 1973-1979']",['7.9'],['https://pitchfork.com/reviews/albums/6124-in-fine-style-original-rockers-7-and-12-selection-1973-1979/'],['global']
,['Susumu Yokota'],['The Boy and the Tree'],['6.0'],['https://pitchfork.com/reviews/albums/8876-the-boy-and-the-tree/'],['global']
,['Bill Laswell'],['Sacred System: Book of Exit: Dub Chamber 4'],['6.8'],['https://pitchfork.com/reviews/albums/4697-sacred-system-book-of-exit-dub-chamber-4/'],['global']
,['King Kong'],['The Big Bang'],['6.2'],['https://pitchfork.com/reviews/albums/4444-the-big-bang/'],['global']
,['Jah Wobble'],['Solaris: Live in Concert'],['8.3'],['https://pitchfork.com/reviews/albums/8722-solaris-live-in-concert/'],['global']
,['Antibalas Afrobeat Orchestra'],['Talkatif'],['6.8'],['https://pitchfork.com/reviews/albums/212-talkatif/'],['global']
,['Tom Zé'],['Postmodern Platos EP'],['6.7'],['https://pitchfork.com/reviews/albums/8949-postmodern-platos-ep/'],['global']
,['Fred Frith'],['Freedom in Fragments'],['8.3'],['https://pitchfork.com/reviews/albums/3210-freedom-in-fragments/'],['global']
,['Susumu Yokota'],['Grinning Cat'],['7.8'],['https://pitchfork.com/reviews/albums/8875-grinning-cat/'],['global']
,['Caetano Veloso'],['Noites do Norte'],['8.1'],['https://pitchfork.com/reviews/albums/8427-noites-do-norte/'],['global']
,['Antibalas Afrobeat Orchestra'],['Liberation Afro Beat Vol. 1'],['6.0'],['https://pitchfork.com/reviews/albums/213-liberation-afro-beat-vol-1/'],['global']
,['Susumu Yokota'],['Sakura'],['8.4'],['https://pitchfork.com/reviews/albums/8874-sakura/'],['global']
,['Horace Andy'],['Living in the Flood'],['7.0'],['https://pitchfork.com/reviews/albums/185-living-in-the-flood/'],['global']
,['Bill Laswell'],['Permutation'],['6.0'],['https://pitchfork.com/reviews/albums/4698-permutation/'],['global']
,['Fela Kuti'],['Expensive Shit/He Miss Road'],['8.5'],['https://pitchfork.com/reviews/albums/11769-expensive-shithe-miss-road/'],['global']
,['Caetano Veloso'],['Livro'],['9.0'],['https://pitchfork.com/reviews/albums/8428-livro/'],['global']
